Archivo;Extension;Tipo;Dominio
01. Acuerdo 003 de 2009 CNTV.pdf;pdf;;
02. Concepto unificado numeral 24.pdf;pdf;;
03. Constituci¢n Pol°tica.pdf;pdf;;
04. Decreto 093 de 2010.pdf;pdf;;
05. Decreto 094 de 2010.pdf;pdf;;
06. DECRETO 415 DEL 07 DE MARZO DE 2016.pdf;pdf;;
07. Decreto 770 de 2005.pdf;pdf;;
08. DECRETO 868 DE 1999.docx;docx;;
09. Decreto 943 de 2014.docx;docx;;
10. Decreto 963 de 2009.pdf;pdf;;
11. Decreto 1082 de 2015.pdf;pdf;;
12. Decreto 1412 de 25-08- 2017 Reglam nums 23 y 25 Art 476 del ET.pdf;pdf;;
13. Decreto 1567 de 1998.pdf;pdf;;
14. Decreto 1826 de 1994.docx;docx;;
15. decreto 1900 de 1990.pdf;pdf;;
16. DECRETO 1991 DEL 12 DE SEPTIEMBRE DE 2013.pdf;pdf;;
17. Decreto 2145 de 1999.pdf;pdf;;
18. Decreto 2343 de 1996.pdf;pdf;;
19. Decreto 2453 de 2013.pdf;pdf;;
20. Decreto 2573 de 2014.pdf;pdf;;
21. Decreto 2618 de 2012.pdf;pdf;;
22. Decreto 2674 de 2012.pdf;pdf;;
23. Decreto 4110 de 2004.pdf;pdf;;
24. decreto 4169 de 2011.pdf;pdf;;
25. Decreto 4485 de 2009.pdf;pdf;;
26. Decreto 4500 de 2005.pdf;pdf;;
27. Decreto 4557 de 2011.pdf;pdf;;
28. Decreto Ènico Reglamentario 1083 de 2015.pdf;pdf;;
29. Decreto Ènico Reglamentario1068 de 2015.docx;docx;;
30. DECRETO_1227_DE_2005.pdf;pdf;;
31. DECRETO-930, 1992.pdf;pdf;;
32. DECRETO-1704, 2012.pdf;pdf;;
33. DECRETO-2103, 2003.pdf;pdf;;
34. DecretoAE 2573 de 2014.pdf;pdf;;
35. RESOLUCI‡N-1645, 2005.pdf;docx;;
36. Ley 14 de 1991.pdf;pdf;;
37. Ley 42 de 1993.pdf;pdf;;
38. Ley 80 de 1993.pdf;pdf;;
39. Ley 87 de 1993.pdf;pdf;;
40. Ley 182 de 1995.pdf;pdf;;
41. Ley 190 de 1995.pdf;pdf;;
42. Ley 335 de 1996.pdf;pdf;;
43. Ley 489 de 1998.pdf;pdf;;
44. Ley 594 de 2000.pdf;pdf;;
45. Ley 909 de 2004.pdf;pdf;;
46. Ley 1150 de 2007.pdf;pdf;;
47. Ley 1341 de 2009.pdf;pdf;;
48. Ley 1437 de 2011.pdf;pdf;;
49. LEY 1474 DE 2011.docx;docx;;
50. Ley 1507 de 2012.pdf;pdf;;
51. Ley 1562 de 2012.pdf;pdf;;
52. LEY 1712 de 2014.pdf;pdf;;
53. Ley 1753 de 2015.pdf;pdf;;
54. LEY 1755 DE 2015.docx;docx;;
55. LEY-506, 1999.pdf;pdf;;
56. LEY-680, 2001.pdf;pdf;;
57. Ley-734-2002.pdf;pdf;;
58. LEY-872-DE-2003.pdf;pdf;;
59. normogramaGEAR1_v1.0.docx;docx;;
60. Plan Vive Digital 2014.pdf;pdf;;
61. Resoluci¢n 14 de 2014 - ANE.pdf;pdf;;
62. Resoluci¢n 148 de 2015.pdf;pdf;;
63. Resoluci¢n 152 de 2002.pdf;pdf;;
64. Resolucion 165 de 2014.pdf;pdf;;
65. Resoluci¢n 290 de 2010.pdf;pdf;;
66. Resoluci¢n 332 de 2007.pdf;pdf;;
67. Resoluci¢n 357 de 2013.pdf;pdf;;
68. Resoluci¢n 407 de 1995.pdf;pdf;;
69. Resoluci¢n 418 de 2014 ANE.pdf;pdf;;
70. RESOLUCI‡N 442 DE 2013.docx;docx;;
71. Resoluci¢n 473 de 2010 ANE.pdf;pdf;;
72. Resoluci¢n 526 de 2002.pdf;pdf;;
73. Resoluci¢n 538 de 2011.pdf;pdf;;
74. Resoluci¢n 662 de 2012.pdf;pdf;;
75. Resoluci¢n 668 de 2012.pdf;pdf;;
76. Resoluci¢n 689 2004 Mintic.pdf;pdf;;
77. Resoluci¢n 908 2003.pdf;pdf;;
78. Resoluci¢n 909 de 2009.pdf;pdf;;
79. Resoluci¢n 1201 de 2004.pdf;pdf;;
80. Resoluci¢n 1227 de 2009.pdf;pdf;;
81. Resoluci¢n 1438 de 2010.pdf;pdf;;
82. Resoluci¢n 1449 de 2006.pdf;pdf;;
83. Resoluci¢n 1512 2001.pdf;pdf;;
84. Resoluci¢n 1520 de 2002 Mintic.pdf;pdf;;
85. Resoluci¢n 1588 de 2012.pdf;pdf;;
86. Resoluci¢n 1661 de 2006.pdf;pdf;;
87. Resoluci¢n 1671 de 2006.pdf;pdf;;
88. Resoluci¢n 1689 2007 Mintic.pdf;pdf;;
89. Resoluci¢n 1704 de 2002.pdf;pdf;;
90. Resoluci¢n 1713 de 2004.pdf;pdf;;
91. Resoluci¢n 1715 de 2007.pdf;pdf;;
92. Resoluci¢n 1966 de 2002.pdf;pdf;;
93. Resoluci¢n 2064 de 2005.pdf;pdf;;
94. Resoluci¢n 2070 de 2005.pdf;pdf;;
95. Resoluci¢n 2190 de 2003 MIntic.pdf;pdf;;
96. Resoluci¢n 2359 de 2005.pdf;pdf;;
97. Resoluci¢n 2472 de 1991.pdf;pdf;;
98. Resoluci¢n 2544 2009 Mintic.pdf;pdf;;
99. Resoluci¢n 2572 de 2011 Mintic.pdf;pdf;;
99. Resoluci¢n 2579 2004.pdf;pdf;;
100. RESOLUCION 2585 DE 2004.docx;docx;;
101. Resoluci¢n 2623 de 2009.pdf;pdf;;
102. Resoluci¢n 2774 de 2013.pdf;pdf;;
103. Resoluci¢n 2877 de 2011.pdf;pdf;;
104. Resoluci¢n 3295 de 1995.pdf;pdf;;
105. RESOLUCI‡N 3484, 2012.pdf;pdf;;
106. Resolucion No. 098 de 2015.pdf;pdf;;
107. resolucion_2118_de_2011.pdf;pdf;;
108. RESOLUCI‡N-127, 2015.pdf;pdf;;
;pdf;;
